route,width_px,before_http_bytes,after_http_bytes,delta_http_bytes,before_requests,after_requests,before_first_readable_ms,after_first_readable_ms,after_pixi_body_bytes,measured_entry_overflow_px,after_error_count
portal,1440,172421,172414,-7,9,9,737,218,0,0,0
cete-savaslari,1440,225537,225531,-6,12,12,199,226,0,0,0
hanedanian,1440,696568,696813,245,87,87,391,318,0,0,0
racon,1440,407235,408850,1615,22,22,323,296,0,0,0
tc-sim,1440,562792,562807,15,56,56,463,390,0,0,0
bukucu,1440,127042,127343,301,15,16,172,163,0,0,0
labirent,1440,273819,273827,8,19,19,284,256,0,0,0
peg-solitaire,1440,270955,270974,19,19,19,270,257,0,0,0
satranc,1440,280944,280934,-10,22,22,292,288,0,0,0
amiral-batti,1440,271516,271497,-19,20,20,257,257,0,0,0
apartman,1440,515924,515920,-4,37,37,298,331,0,0,0
kayip-telefon,1440,513553,513578,25,35,35,308,321,0,0,0
son-100-gun,1440,233449,233455,6,16,16,254,249,0,0,0
tc-sim-devlet,1440,559883,559884,1,43,43,313,312,0,0,0
son-kasaba,1440,511309,511338,29,38,38,313,342,0,0,0
veto-h,1440,347641,347663,22,57,57,335,372,0,0,0
gett-oh,1440,344297,344299,2,57,57,331,369,0,0,0
ihtilal,1440,206702,207455,753,19,19,254,240,0,0,0
darbe-h,1440,343861,343857,-4,58,58,328,322,0,0,0
jitem-derin-ag,1440,396895,396900,5,13,13,388,304,0,0,0
esik,1440,188339,188374,35,17,17,225,242,0,0,0
portal,390,172422,172412,-10,9,9,173,192,0,0,0
cete-savaslari,390,225552,225551,-1,12,12,196,190,0,0,0
hanedanian,390,696546,696776,230,87,87,250,244,0,0,0
racon,390,407255,408874,1619,22,22,262,258,0,0,0
tc-sim,390,562786,562813,27,56,56,348,321,0,0,0
bukucu,390,127025,127327,302,15,16,149,137,0,0,0
labirent,390,273814,273828,14,19,19,241,246,0,0,0
peg-solitaire,390,270953,270955,2,19,19,245,237,0,0,0
satranc,390,280938,280939,1,22,22,269,269,0,0,0
amiral-batti,390,271497,271502,5,20,20,241,238,0,0,0
apartman,390,515944,515897,-47,37,37,306,292,0,0,0
kayip-telefon,390,513577,513529,-48,35,35,283,287,0,0,0
son-100-gun,390,233460,233447,-13,16,16,260,221,0,0,0
tc-sim-devlet,390,559851,559848,-3,43,43,314,319,0,0,0
son-kasaba,390,511297,511310,13,38,38,304,299,0,0,0
veto-h,390,347664,347627,-37,57,57,338,349,0,0,0
gett-oh,390,344286,344304,18,57,57,357,339,0,0,0
ihtilal,390,206684,207468,784,19,19,240,242,0,0,0
darbe-h,390,343855,343893,38,58,58,347,334,0,0,0
jitem-derin-ag,390,396913,396914,1,13,13,292,263,0,0,0
esik,390,188369,188368,-1,17,17,230,238,0,0,0
portal,320,172409,172408,-1,9,9,183,184,0,0,0
cete-savaslari,320,225555,225560,5,12,12,197,197,0,0,0
hanedanian,320,696478,696804,326,87,87,272,254,0,0,0
racon,320,407222,408868,1646,22,22,277,279,0,0,0
tc-sim,320,562812,562818,6,56,56,408,366,0,0,0
bukucu,320,127031,127338,307,15,16,152,145,0,0,0
labirent,320,273792,273802,10,19,19,247,262,0,0,0
peg-solitaire,320,270955,270985,30,19,19,242,257,0,0,0
satranc,320,280938,280934,-4,22,22,262,249,0,0,0
amiral-batti,320,271502,271485,-17,20,20,253,243,0,0,0
apartman,320,515921,515903,-18,37,37,297,293,0,0,0
kayip-telefon,320,513570,513548,-22,35,35,295,290,0,0,0
son-100-gun,320,233462,233424,-38,16,16,236,245,0,0,0
tc-sim-devlet,320,559849,559915,66,43,43,328,316,0,0,0
son-kasaba,320,511303,511304,1,38,38,281,297,0,0,0
veto-h,320,347569,347619,50,57,57,325,332,0,0,0
gett-oh,320,344333,344303,-30,57,57,345,340,0,0,0
ihtilal,320,206709,207458,749,19,19,251,249,0,0,0
darbe-h,320,343866,343857,-9,58,58,413,326,0,0,0
jitem-derin-ag,320,396906,396882,-24,13,13,266,282,0,0,0
esik,320,188321,188357,36,17,17,223,242,0,0,0
