151	character	Sade hırkalı yetişkin sivil Fihristçi	Eski fihrist çekmecesinden küçük bir Dosya çalışma paketini çıkarıp boşalan masaya taşır	Loş katalog odası	Çekmece hizasından çapraz bakış; yazısız ayraçlar ve açılan çalışma alanı	Normal çağrıda arşivden kademe 2 veya altı Dosya görevlinin ele dönüşü; 250 KP kazanımı toparlanan iş kapasitesidir.
152	action	Yetişkin sivil Klasörcü	Yıpranmış klasörü yeni bez şeritle onarıp arşiv rafından alırken kriz masasının perdesini kapatır	Akşam dosya onarım tezgâhı	Üstten yakın plan; boşalan şerit makarası ile dinlenen yan masa karşı köşelerde	300 KP bedeli onarım malzemesi; Dosya görevlisini arşivden ele alma ve o tur kriz aşamasını atlama bağı.
153	character	Sade gömlekli yetişkin sivil Zımba Eri	Yanındaki Dosya çalışanının tuttuğu kalın demeti zımbalar, kaldırdığı kapak altındaki rakip destek zarfını inceler	Dar evrak tezgâhı	Alçak yan açı; iki yetişkinin ortak tuttuğu demet önde, yazısız zarf geride	Başka Dosya görevliyle 400 DEF, birlikte sağlamlaşan ciltte; setten açılınca kapalı desteğe bakma, aralanan kapaktadır.
154	event	Yetişkin sivil Evrakçı ve Dosya çalışma grubu	Dağıtım arabasındaki evrakları masalara ulaştırır; her hazırlıkta arabanın kâğıt stoğu azalır	Uzun ve karanlık belge koridoru	Koridor boyunca ardışık masa ışıkları; öndeki arabanın eksilen boş kâğıtları belirgin	Dosya görevlilerine 150 ATK ortak iş hızıdır; hazırlıktaki 200 KP kaybı yinelenen malzeme tüketimidir.
155	action	Yetişkin sivil Ciltçi	Yeni cilt bezini başka Dosya çalışanının dosyasına sarar, artan sert mukavvayı kendi masasına dayanak olarak yerleştirir	Küçük cilt atölyesi	El ve bez temasına yandan yakın bakış; iki masa arasında gergin kumaş hattı	300 KP malzeme bedeliyle başka Dosya görevliye 400 ATK; kendi 200 DEF artışı sağlamlaşan masa siperiyle ilişkilidir.
156	action	Yetişkin sivil Cetvelci	Kendi cetvelini devir tepsisine bırakıp rakip arşivdeki küçük çalışma paketini erişim dışı bölmeye ayırır	Soğuk ışıklı tasnif masası	Cetvelin yatay çizgisine karşı kapanan yan bölme; insan figürü kapı eşiğine çekilir	Parafla gönderme kendi iş aracını devretmektir; kademe 2 veya altı arşiv görevlisini dışarı ayırma ve 350 KP kaybı kesilen kapasiteyi anlatır.
157	character	Sade ceketli yetişkin sivil Dosya Başkanı	Tek devir dosyasıyla yükseltilmiş masaya geçer; devrilen dosya sehpasının altından küçük bir Dosya paketini koruyup alır	Dosya koordinasyon odası	Önde yana yatmış sehpa, ortada dik başkan, arkada basamaksız yükseltilmiş çalışma yüzeyi	Bir paraflı çağrı ve paraf başına 200 ATK devralınan sorumluluktur; savaşta yok olunca kademe 3 veya altı Dosya görevlisinin ele dönüşü iş çöküşünden kurtarmayla temsil edilir.
158	character	Yetişkin sivil Kaşe Çırağı	Kurumuş kaşe kutusunun alt rafından küçük Paraf takımını çıkarıp temiz bir keçe üstüne dizer	Kaşe bakım köşesi	Yüzü üç çeyrek profilde; aydınlık keçe ve şekilsiz, yazısız kaşe tabanları önde	Normal çağrıda kademe 2 veya altı Paraf görevlinin arşivden ele alınışı; 275 KP kazanımı yeniden kullanılabilir malzemedir.
159	action	Sade kazaklı yetişkin sivil Vize Eri	Kapalı saklama kafesindeki Paraf çalışma setini yeni menteşe takarak dışarı çıkarır	Sivil onay servisinin dış rafı	Tel kafes içinden dışarı bakış; açık avuç ve sökülmüş menteşe aynı odakta	350 KP bakım emeği ve menteşe bedelidir; oyun dışındaki kademe 4 veya altı Paraf görevli ele döner.
160	character	Yetişkin sivil Suretçi	Azalmış kâğıt stoğunun önünde kalın suret levhalarını dayanak yapar, Paraf çalışma arkadaşını korunaklı tarafa yönlendirir	Eski çoğaltma odası	Yatay çoğaltma tablası görüntüyü böler; küçük insan grubu levhaların gölgesinde	3100 altı puanda 600 DEF kıtlıkta güçlenen dayanak; açılınca bir Paraf görevliyi savunmaya geçirme yer değişimidir.
161	institution	Paraf Sırası başında çalışan yetişkin sivil görevliler	Küçük Paraf ekiplerinin önüne ortak keçe tamponlar dizer, sıra uzadıkça yedek keçe yığını incelir	Loş onay bankosu	Banko hizasında ritmik el aralıkları; yazı ve numara bulunmayan boş sıra bölmeleri	Kademe 3 veya altı Paraf görevlilere 400 DEF ortak korumadır; hazırlıktaki 225 KP kaybı tamponların aşınmasıdır.
162	action	Sade iş gömlekli yetişkin sivil Paraf Eri	Kaşesini devir çekmecesine bırakıp arşivde bekleyen Paraf çalışanının sandalyesini açar, kriz lambasını örtüyle kapatır	Onay odasıyla depo arasındaki eşik	Boşalan ön sandalye ile arkada açılan sandalye diyagonal eşleşir	Kendi paraflı ayrılışı kademe 3 veya altı Paraf görevlisini arşivden özel çağırmaya bağlanır; örtülen lamba o turun kriz molasıdır.
163	character	Yetişkin sivil Kaşe Ustası ve Paraf yardımcısı	Yeni mürekkep keçesini tüketerek rakibin açılmış destek dosyasını kılıfına geri sürer	Çift taraflı onay penceresi	Ustanın omzu üzerinden bakış; yardımcının tuttuğu kaşe yatağı ve geri kayan dosya görünür	600 KP keçe ve emek bedeliyle açık destek ele döner; sahnede bulunan Paraf yardımcısı gerekli seri koşulunu taşır.
164	character	Yetişkin sivil Paraf Başkanı	Devredilmiş kaşe kaidesini masasına ekler; kopan onay zincirinin yanından küçük Paraf takımını toparlar	Duvarları boş onay kurulu odası	Yüksek dar kadraj; üstte tek masa ışığı, altta dağılan kaideler arasında sağlam küçük kutu	Bir paraf ve paraf başına 200 ATK eklenen kaidedir; savaşta yok oluş sonrası kademe 3 veya altı Paraf görevlinin ele dönüşü takımın korunmasıdır.
165	character	Yetişkin sivil Tutanakçı	Arşivdeki ince tutanak cildini toplantı masasına geri taşır, sıkışmış masa yüzeyini açar	Boş sandalyeli heyet salonu	Sandalyelerin arasından uzun odak; yazısız cilt ve temizlenen yer aynı ışıkta	Normal çağrıda kademe 2 veya altı Heyet görevlisi arşivden ele gelir; 300 KP kazanımı açılan çalışma alanıdır.
166	action	Sade keten ceketli yetişkin sivil Oturum Eri	Kapalı dosyanın örtüsünü kaldırarak içindeki biçimleri inceler, ardından Heyet arkadaşının yanına keçe paravan kurar	Yan oturum nişi	Aynı planda solda yükselen örtü, sağda oturan yetişkin; pencereden keskin çapraz ışık	400 KP paravan emeğidir; rakibin kapalı kartına bakma sonrasında bir Heyet görevliye 400 DEF sağlanır.
167	character	Yetişkin sivil Yoklamacı	Heyet arkadaşıyla boş sandalyeleri düzenler; kendi yerini devredince katlanmış masayı çalışma alanına açar	Toplantı öncesi sandalye deposu	Dairesel sandalye dizisinin tek açıklığında iki yetişkin; açılan masa öne uzanır	Diğer Heyet görevliyle 500 ATK ortak hazırlık gücü; parafla ayrılınca 500 KP kazanımı serbest kalan alan ve iş kapasitesidir.
168	character	Yetişkin sivil Heyet Çırağı	Masasının altında saklı ihtar zarfını tutar, yedek cilt bezini harcayarak arkadaşına kalın dosya dayanağı hazırlar	Heyet salonunun servis masası	Masa altı düşük açı; kapalı yazısız zarf önde, yetişkin yüzü yukarıda yansıma içinde	Kapalı ihtar 400 ATK dayanağıdır; 400 KP cilt malzemesi karşılığında bir Heyet görevliye 500 DEF verilir.
169	action	Yetişkin sivil Karar Yazmanı	Kalem tepsisini halefine bırakırken dışarı ayrılmış Heyet çalışma sandığını tekrar erişilir yere çeker	Karar odasının kilitsiz yan deposu	İki kapı aralığı arasında çapraz hareket; geride kalan tepsiye karşı öne gelen sandık	Parafla kendi görevini bırakmak oyun dışındaki Heyet görevliyi ele getirir; 300 KP yeniden kazanılan iş kapasitesidir.
170	character	Yetişkin sivil Söz Tutucu	Heyet masasındaki sıra nesnesini arkadaşına uzatır, uzun arşiv denetimi sonunda rakibin orta boy paketini ayrı dolaba kaldırır	Sessiz görüşme odası	Ön planda elden ele geçen düz ahşap nesne; uzak açık dolapta yalnız kalan paket	650 KP uzun denetim emeğidir; kademe 4 veya altı rakip arşiv görevlisi dışarı ayrılır, Heyet arkadaşının 200 ATK artışı söz alanının açılmasıdır.
171	character	Sade yelekli yetişkin sivil Heyet Başkanı	Devraldığı tek çalışma tablasını kurulun ortasına yerleştirir; çöken toplantı düzeninden ince Heyet cildini yanına alır	Oval masa çevresindeki heyet odası	Tepeden eğik bakış; oval düzenin bozulduğu boşlukta başkan ve kurtarılan cilt	Bir paraflı çağrı ve paraf başına 200 ATK ortak yetkidir; savaşta yok olunca kademe 3 veya altı Heyet görevlinin ele dönüşü dağılmış oturumdan kazanımdır.
172	character	Sade hırkalı yetişkin sivil Nöbetçi	Gece masasının altından küçük operasyon iş paketini çıkarır, bir sonraki çalışan için ikinci lambayı açar	Coğrafyasız sivil operasyon odası	Kapı eşiğinden görünüm; karanlık masa ile yeni açılan ışık arasında yetişkin profil	Normal çağrıda kademe 2 veya altı Karargâh görevli arşivden ele alınır; 325 KP kazanımı yeniden açılan çalışma kapasitesidir.
173	action	Sade iş giysili yetişkin sivil Harita Eri	Yalnız soyut bağlantı düğümleri taşıyan plan yüzeyini yeni iplerle onarıp eski operasyon paketini getirir, kriz düzenini örter	Coğrafi sınır içermeyen operasyon planlama atölyesi	Masa üstü dik açı; harcanmış ip yumağı, getirilen paket ve örtülü yan tabla	450 KP plan onarım emeği; Karargâh görevlisinin arşivden ele dönüşü ve o tur kriz aşamasının atlanması aynı hazırlıktadır.
174	character	Sade gömlekli yetişkin sivil Masa Eri	Karargâh çalışma arkadaşıyla masanın ayağını destekler, açılan gizli gözdeki kapalı destek dosyasına bakar	Soyut iş akışlarının sivil operasyon ofisi	Masa altından karşı açı; desteklenen ayak önde, aralanmış yazısız dosya gözü yukarıda	Başka Karargâh görevliyle 400 DEF masa sağlamlığıdır; setten açılınca rakibin kapalı desteğini inceleme gizli gözle anlatılır.
175	event	Yetişkin sivil Sevk Eri ve operasyon çalışanları	Coğrafyasız iş paketlerini farklı tezgâhlara paylaştırır, her hazırlık dağıtımında taşıma bezleri yıpranır	Sivil operasyon dağıtım holü	Yukarıdan V biçimli masa yerleşimi; paketlerin hareketi ışıklı merkezden koyu kenarlara gider	Karargâh görevlilerine 150 ATK düzenli iş akışıdır; 275 KP hazırlık kaybı taşıma malzemesi tüketimidir.
176	action	Yetişkin sivil Plan Yazmanı	Yeni asetat katmanını arkadaşının soyut iş planına ekler, kalan kalın levhayı kendi tezgâhına dayar	Coğrafyasız sivil plan odası	Arkadan omuz hizası; yazısız üst üste yüzeylerde yalnız bağlantı şekilleri	450 KP asetat ve emek bedeliyle başka Karargâh görevliye 475 ATK; kendi 200 DEF artışı güçlenen tezgâhtır.
177	character	Yetişkin sivil Karargâh Çırağı	Operasyon tepsisini devredip rakip arşivdeki küçük iş kutusunu kullanım dışı bölmeye ayırır	Yalnız soyut süreçlerle çalışan sivil kayıt odası	Dar kapıların üst üste çerçevesi; geride kalan yetişkin ve öndeki kapanan bölme	Paraflı ayrılışla kademe 2 veya altı rakip arşiv görevlisi dışarı gider; 425 KP kaybı erişilemeyen iş kapasitesidir.
178	character	Sade gündelik ceketli yetişkin sivil Karargâh Başkanı	Tek devir tablasıyla ortak iş merkezini kurar; bozulan soyut plan düzeneğinden küçük operasyon kitini çıkarır	Haritasız ve amblemsiz sivil koordinasyon merkezi	Geniş yatay kadraj; çözülen ip ağı arkada, iki elle tutulan sağlam kit önde	Bir paraf ve paraf başına 200 ATK devralınan kapasitedir; savaşta yok olunca kademe 3 veya altı Karargâh görevlisi ele döner, fiziksel çatışma gösterilmez.
179	character	Yetişkin sivil Telex Çırağı	Tozlu alt bölmeden küçük telex şerit takımını alıp durmuş makinenin yanına yerleştirir	Dar haberleşme bakım odası	Makara deliğinden görünen yetişkin yüzü; yazısız şerit ve temiz takım ışıkta	Normal çağrıda kademe 2 veya altı Telex görevlinin arşivden ele dönüşü; 350 KP kazanımı kullanıma dönen ekipmandır.
180	action	Yetişkin sivil Şeritçi	Yeni şerit makarasını eski sürgünün onarımında tüketip dışarı ayrılmış telex takımını raftan kurtarır	Şerit deposunun kapalı servis bölmesi	Spiral biçimli şerit ön planda çerçeve kurar; açık sürgü derinde	500 KP şerit ve bakım işidir; oyun dışındaki kademe 4 veya altı Telex görevlinin ele dönüşü, kullanılabilir takımın yeniden alınmasıdır.
181	character	Sade kazaklı yetişkin sivil Hat Eri	Azalan yedek parça kutusunun yanında kabloları sağlam bir hat etrafında toplar, Telex arkadaşını korunaklı tezgâha geçirir	Eski sivil telex bağlantı odası	Kablo hattı boyunca dar perspektif; iki yetişkin farklı derinliklerde	3400 altı puanda 600 DEF sıkılaştırılan bağlantıdır; açılışta bir Telex görevlinin savunmaya geçmesi korunaklı masaya geçiştir.
182	character	Sade günlük gömlekli yetişkin sivil Pencere Eri	Küçük Telex ekiplerinin önündeki servis pencerelerine keçe perdeler asar; perde rulosu her hazırlıkta kısalır	Telex salonuna bakan iç pencereli galeri	Pencerelerin yanal ritmi; dış mekân veya coğrafya yok, keçe kenarlarında soğuk ışık	Kademe 3 veya altı Telex görevlilere 400 DEF servis perdesidir; 300 KP hazırlık kaybı ortak korumanın bakım malzemesidir.
183	action	Yetişkin sivil Tel Yazmanı	Kendi bağlantı kablosunu bırakıp arşivden gelen Telex çalışanının makinesine takar, kriz hattını geçici olarak askıya alır	Sivil tel aktarım masası	Yalnız elleri değil yetişkin yüzünü de gösteren üç çeyrek açı; boş ve dolu prizler karşılıklı	Paraflı ayrılış arşivden kademe 3 veya altı Telex görevlisini özel çağırır; askıdaki hat o tur kriz aşamasını atlamaya bağlanır.
184	character	Yetişkin sivil Telex Ustası ve Telex operatörü	Uzun boş kâğıt şeridini besleyerek rakibin açık destek tepsisini karşı tarafa geri yönlendirir	Çift yönlü telex servis bankosu	Makinenin yan kesitine yakın açı; beslenen şerit ile geri kayan açık tepsi zıt yönlerde	750 KP kâğıt ve bakım bedelidir; mevcut Telex görevli eşliğinde açık rakip destek ele döner.
185	character	Sade gömlekli yetişkin sivil Telex Başkanı	Devralınmış tek makara kaidesini merkeze takar; durmuş makineler arasından küçük telex araç çantasını çıkarır	Gece telex merkezi	Yuvarlak makaralar arasında tek dik yetişkin; ön plandaki sağlam çanta sıcak ışıkta	Bir paraflı çağrı, paraf başına 200 ATK bağlı iş kapasitesidir; savaşta yok olunca kademe 3 veya altı Telex görevli ele döner.
186	character	Yetişkin sivil Not Çırağı	Eski muhtıra cildindeki küçük not takımını temiz masa örtüsüne alır ve sıkışık tepsiyi boşaltır	Sessiz yazı hazırlama hücresi	Yakın üç çeyrek yüz, yüzeye paralel ince cilt; kâğıtlar tamamen yazısız	Normal çağrıda kademe 2 veya altı Muhtıra görevlisi arşivden ele gelir; 375 KP boşalan iş alanıyla temsil edilir.
187	action	Sade gündelik ceketli yetişkin sivil Müzekkere Eri	Kapalı rakip dosyanın bağını çözüp iç düzenine bakar, yeni mukavvayı Muhtıra arkadaşının dosyası çevresine katlar	Talep evrakı inceleme masası	Yarım daire ışık içinde iki ayrı el hareketi; çözülen bağ karşısında yükselen koruyucu kapak	550 KP bağ ve kapak hazırlama emeği; kapalı karta bakmanın ardından bir Muhtıra görevliye 400 DEF sağlanır.
188	character	Yetişkin sivil Taslakçı ve Muhtıra çalışma arkadaşı	Birlikte üst üste boş taslakları hizalar; görevini devrederken taslak sehpasını katlayıp alanı açar	Geniş yazı atölyesi	Eğik çizim tablası ön planda, katlanır sehpanın bıraktığı ışıklı boşluk arkada	Başka Muhtıra görevliyle 500 ATK ortak taslak gücüdür; parafla ayrılınca 650 KP kazanımı serbest kalan masa kapasitesidir.
189	character	Yetişkin sivil Cümle Ustası	Kapalı ihtar zarfının üzerinde duran ağırlığı tutar, boş metin bloklarını ayıran yeni şeritleri arkadaşının cildine destek yapar	Muhtıra redaksiyon tezgâhı	Yukarıdan eğik yakın plan; yazısız kâğıt blokları ve kapalı zarfın net silueti	Kapalı ihtar 400 ATK güvencesidir; 550 KP düzenleme malzemesi karşılığında Muhtıra görevliye 500 DEF kazandıran sağlam cilt kurulur.
190	action	Sade hırkalı yetişkin sivil Muhtıra Eri	Kendi yazı tablasını bırakıp kullanım dışı rafın Muhtıra paketini masaya geri çeker	Alçak raflı sivil yazı odası	Raf çizgilerinin kesildiği tek açıklık; boşalan tablanın gölgesi uzun	Paraflı ayrılış oyun dışındaki Muhtıra görevlisini ele getirir; 300 KP kazanımı tekrar açılan hazırlık kapasitesidir.
191	character	Yetişkin sivil Gerekçe Yazmanı	Kalın boş gerekçe eklerini karşılaştırarak rakibin orta boy arşiv paketini ayrı bir gözde kapatır, arkadaşına temiz bir çalışma tablası bırakır	Muhtıra denetim odası	Cam bölme arkasından çapraz bakış; kapanan göz koyu, aktarılan tabla aydınlık	800 KP uzun karşılaştırma emeğidir; kademe 4 veya altı arşiv görevlisi dışarı alınır ve Muhtıra arkadaşına 200 ATK iş alanı açılır.
192	character	Yetişkin sivil Muhtıra Başkanı	Tek devir cildini ana kürsüye koyar; yarıda kalmış redaksiyon yığınından ince bir Muhtıra kitini alır	Amblemsiz sivil yazı kurulu salonu	Kürsünün yanından alçak bakış; yazısız ciltlerin dağılmış kenarları katman oluşturur	Bir paraf ve paraf başına 200 ATK devralınan yazı işidir; savaşta yok oluş sonrası kademe 3 veya altı Muhtıra görevli ele döner.
193	character	Yetişkin sivil Ek Çırağı	Eski ek dosyasından küçük Zeyil çalışma paketini çıkarıp ana belgenin yanına yerleştirir	Eklerin birleştirildiği dar masa	Yan yana iki farklı boy boş cilt; yetişkinin yüzü masa kenarından görülür	Normal çağrıda kademe 2 veya altı Zeyil görevlinin arşivden ele dönüşü; 400 KP kazanımı tamamlanan malzeme takımıdır.
194	action	Yetişkin sivil Dipnotçu	Yeni ince kâğıt şeritlerini eski Zeyil paketine bağlayıp raftan çıkarır, kriz masasının alt ışığını söndürür	Ana masanın altında girintili ek çalışma köşesi	Çok alçak açı; şeritler yukarıdaki büyük cilde bağlanır, yan çalışma yeri karanlığa çekilir	600 KP şerit ve dikkatli onarım emeğiyle Zeyil görevlisi arşivden ele alınır; o tur kriz aşaması atlanır.
195	character	Sade gömlekli yetişkin sivil Zeyil Eri	Zeyil arkadaşıyla ek levhasını sabitler; kalkabilen ek kapağının altındaki kapalı destek dosyasını kontrol eder	Sivil ek dosya masası	Dik ana levha ile yatay ek kapağı L biçimi kurar; iki yetişkin kenarlarda	Diğer Zeyil görevliyle 400 DEF ortak bağlantı dayanımıdır; setten açılınca rakibin kapalı desteğine bakma kaldırılan ek kapaktadır.
196	event	Yetişkin sivil Madde Yazmanı ve Zeyil çalışanları	Boş kâğıt bölmelerini birbirine ekleyerek ortak masayı genişletir; hazırlık ilerledikçe birleştirme klipsleri azalır	Modüler ek yazım odası	Masa yüzeyinden yatay bakış; kenetlenen ayrı parçalar odanın derinliğine uzanır	Zeyil görevlilerine 150 ATK eklenen çalışma yüzeyidir; hazırlıktaki 350 KP kaybı tüketilen bağlantı malzemesidir.
197	action	Yetişkin sivil Ek Cetvelci	Uzun yeni mukavvayı cetvelle bölüp Zeyil arkadaşının masasına geniş ek, kendi masasına kısa dayanak yapar	İki seviyeli ölçü tezgâhı	Kesilmemiş malzemenin eğik hattı iki farklı işleve ayrılır; ölçü yazıları yok	600 KP mukavva ve ölçüm emeğiyle başka Zeyil görevliye 550 ATK; kendi 200 DEF artışı kısa dayanakla gösterilir.
198	character	Yetişkin sivil Zeyil Ustası	Kendi ek aparatını devreder, rakip arşivdeki küçük paketin bağlantısını sökerek bağımsız kapalı kutuya ayırır	Belge birleştirme servis odası	Açılmış cilt omurgasına yakın yan açı; sökülen bağlantı ve geri çekilen yetişkin görünür	Parafla ayrılış kademe 2 veya altı rakip arşiv görevlisini oyun dışına taşır; 500 KP kaybı kopan iş bağlantısının kapasite maliyetidir.
199	character	Sade ceketli yetişkin sivil Zeyil Başkanı	Tek devredilmiş ek tablasını ana masaya kenetler; ayrılan modüller arasından küçük Zeyil cildini alır	Çok parçalı ek kurul masası	Tepeden merkez dışı kompozisyon; ayrılmış modüller arasında sağlam cilt bir köprü kurar	Bir paraf ve paraf başına 200 ATK eklenen iş hacmidir; savaşta yok olunca kademe 3 veya altı Zeyil görevlisinin ele dönüşü korunmuş ciltle anlatılır.
200	character	Yetişkin sivil Gündem Çırağı	Eski toplantı sandığından küçük Brifing takımını çıkarıp boş sunum rafını yeniden hazırlar	Işığı yeni açılmış brifing hazırlık odası	Sandığın içinden bakış; yetişkin yüzü yukarıda, yazısız boş panolar arkada	Normal çağrıda kademe 2 veya altı Brifing görevlisi arşivden ele gelir; 425 KP kazanımı hazır sunum malzemesidir.
201	action	Sade kazaklı yetişkin sivil Sunum Eri	Eski askıyı yeni ip takımıyla onarıp dışarı ayrılmış Brifing panelini erişilir yere indirir	Kapalı sunum ekipmanı galerisi	Yüksekten sarkan boş panel kadrajı böler; aşağıdaki yetişkin ipleri iki eliyle toplar	650 KP askı malzemesi ve kurulum emeğidir; oyun dışındaki kademe 4 veya altı Brifing görevlinin ele dönüşüne karşılık gelir.
202	character	Yetişkin sivil Not Tutucu	Azalmış kâğıt stokunu kalın bir altlıkla korur, Brifing arkadaşının sandalyesini panonun kuytu yanına çeker	Sunum salonunun kenar masası	Boş panonun arkasından dar görünüm; altlık ve yer değiştiren sandalye yakın planda	3700 altı puanda 600 DEF kıtlıkta güçlenen altlıktır; açılınca bir Brifing görevli savunmaya geçirilir.
203	character	Yetişkin sivil Soru Yazmanı	Küçük Brifing ekiplerinin önüne boş soru kartlarını ayıran yüksek bölücüler kurar; her hazırlıkta karton stoğu aşınır	Karşılıklı küçük masalı görüşme odası	Önden simetrik olmayan sıra; bölücülerin aralarından yetişkin yüzler seçilir	Kademe 3 veya altı Brifing görevlilere 400 DEF söz sırasını koruyan bölücüdür; 375 KP hazırlık kaybı karton tüketimidir.
204	action	Yetişkin sivil Brifing Ustası	Kendi sunum tablasını kapatıp arşivden gelen Brifing çalışanına boş panoyu açar; kriz tezgâhını dinlenmeye bırakır	Panoları katlanabilir sivil brifing stüdyosu	Kapanan ön pano ile arkada açılan pano makas biçimi oluşturur	Kendi paraflı ayrılışıyla arşivden kademe 3 veya altı Brifing görevlisi özel çağrılır; kapalı kriz tezgâhı o turun kriz aşamasını atlamadır.
205	character	Yetişkin sivil Oturum Sözcüsü ve Brifing yardımcısı	Sunum kartlarını yeniden dizmek için bağ makarasını harcar, rakibin açılmış destek panosunu katlayıp geri uzatır	Alçak tavanlı brifing oturumu	Yandan geniş görünüm; katlanan boş pano iki yetişkinin elleri arasında	900 KP hazırlık emeği ve bağ malzemesi karşılığında açık destek ele gönderilir; Brifing yardımcısı gereken seri varlığını gösterir.
206	character	Yetişkin sivil Brifing Başkanı	Devraldığı tek sunum sehpasını merkeze çeker; dağılan oturumun kapanmış panoları arasından küçük Brifing çantasını alır	Boş sunum salonu	Arka sıradan uzun perspektif; sandalyelerin arasında çantaya uzanan yetişkin	Bir paraflı çağrı ve paraf başına 200 ATK devralınan sunum kapasitesidir; savaşta yok olunca kademe 3 veya altı Brifing görevli ele döner.
207	character	Yetişkin sivil Kabine Çırağı	Dolabın arka gözündeki küçük Kabine çalışma paketini çıkarıp ortak masa için düzenler	Amblemsiz kapalı danışma odası	Dolap kapağı içinden bakış; masa çevresindeki boş sandalyeler uzakta	Normal çağrıda kademe 2 veya altı Kabine görevlisi arşivden ele alınır; 450 KP kazanımı geri kazanılmış toplantı kapasitesidir.
208	action	Sade gömlekli yetişkin sivil Karar Eri	Kapalı dosyanın iç bölmesini açıp inceler, yeni ayraç levhalarını Kabine arkadaşının önüne koruyucu bir düzen olarak yerleştirir	Sivil karar hazırlık bankosu	Dosya menteşesine paralel çapraz kadraj; açılan bölme ile yükselen ayraç aynı derinlikte	700 KP inceleme ve ayraç bedeli; rakibin kapalı kartına bakıldıktan sonra Kabine görevliye 400 DEF sağlanır.
209	character	Yetişkin sivil Protokolcü ve Kabine çalışma arkadaşı	Birlikte masanın araçlarını kusursuz aralıklarla dizer; kendi yerini devrederken servis tablasını ortak kullanıma bırakır	Törensiz sivil kabine hazırlık salonu	Alçak masa hizası; boş ve dolu yerlerin aralıkları ışıkla ayrılır	Başka Kabine görevliyle 500 ATK düzenli eşgüdümdür; parafla ayrılınca 800 KP kazanımı paylaşıma açılan araç ve alandır.
210	character	Yetişkin sivil Masa Sözcüsü	Masa gözündeki kapalı ihtar zarfına yaslanan tablasını tutar, yeni keçe rulodan Kabine arkadaşına örtülü çalışma yeri hazırlar	Yuvarlak sivil danışma masası	Masaya teğet açı; çekmece içindeki yazısız zarf önde, örtülen alan geride	Kapalı ihtar 400 ATK dayanağıdır; 700 KP keçe ve düzenleme emeğiyle bir Kabine görevliye 500 DEF verilir.
211	action	Sade iş giysili yetişkin sivil Gündem Eri	Kendi masa anahtarını bırakıp dışarı ayrılmış Kabine çalışma tepsisini yeniden ortak masaya getirir	Coğrafyasız sivil toplantı hazırlık geçidi	Geçidin iki ucunda kapalı ve açık tepsiler; anahtar belirgin ama işaretsiz	Paraflı ayrılış oyun dışındaki Kabine görevlisini ele döndürür; 300 KP kazanımı masanın yeniden işler oluşudur.
212	character	Yetişkin sivil Kabine Ustası	Uzun bir düzenleme sonunda rakip arşivin orta boy paketini ayrı dolaba alır, Kabine arkadaşına serbest kalan masayı açar	Sivil kurulun servis ve arşiv odası	İki odalı derin kompozisyon; önde tükenmiş bez rulolar, arkada boşalan masa	950 KP düzenleme emeği ve sarf malzemesidir; kademe 4 veya altı rakip arşiv görevlisi dışarı gider, Kabine görevli 200 ATK kazanır.
213	character	Sade hırka ceketli yetişkin sivil Kabine Başkanı	Tek devredilmiş sandalye ve tablasıyla oturumu kurar; masanın dağılan düzeninden küçük Kabine çalışma kutusunu alır	Amblem ve bayrak içermeyen kapalı sivil kurul odası	Yandan yarım daire masa; boş başkan yeri ve elde tutulan kutu görsel denge kurar	Bir paraf ve paraf başına 200 ATK oturum sorumluluğudur; savaşta yok olunca kademe 3 veya altı Kabine görevlisinin ele dönüşü korunmuş takım olur.
214	character	Yetişkin sivil Fiş Çırağı	Eski fiş çekmecesindeki küçük Arşiv takımını çıkarıp boş tasnif çekmecesine yerleştirir	Yüksek raflı fiş odası	Yetişkinin göz hizasından dar portre; yazısız fişlerin kenarları önde yelpaze açar	Normal çağrıda kademe 2 veya altı Arşiv görevlisi arşivden ele gelir; 475 KP kazanımı yeniden kullanılabilir tasnif kapasitesidir.
215	action	Sade günlük giysili yetişkin sivil Raf Eri	Yeni takozlarla eğilmiş rafı doğrultur, Arşiv iş paketini indirirken kriz masasına ayrılan merdiveni yatay bırakır	Gece raf bakım koridoru	Merdiven basamağı hizasından yukarı bakış; onarılan raf sıcak, askıdaki çalışma alanı soğuk ışıkta	750 KP raf onarım emeğiyle Arşiv görevlisi arşivden ele alınır; o tur kriz aşamasını atlama kullanılmayan kriz hazırlığıyla anlatılır.
216	character	Sade gömlekli yetişkin sivil Kayıt Eri	Arşiv arkadaşıyla çekmece dolabını sabitler, açılan çift tabandaki kapalı destek paketine bakar	Sivil kayıt dolapları odası	Çekmecenin içinden dışarı görünüm; yetişkin yüzler iki yanda, yazısız paket ortada	Başka Arşiv görevliyle 400 DEF sağlam dolaptır; setten açılınca rakibin kapalı desteğine bakma çift tabanda ortaya çıkar.
217	event	Yetişkin sivil Arşiv Çırağı ve raf çalışanları	Arşiv masaları arasında tasnif arabalarını akıcı biçimde dolaştırır, her hazırlıkta teker keçeleri incelir	Birbirine bağlanan arşiv koridorları	Köşeden geniş açı; araba izleri yerine ışıklı geçişler çalışma akışını çizer	Arşiv görevlilerine 150 ATK düzenli erişimdir; hazırlıktaki 425 KP kaybı sürekli bakım ve aşınma maliyetidir.
218	action	Yetişkin sivil Klasör Ustası	Yeni sırt bezini arkadaşının büyük Arşiv klasörüne geçirir; kalan kalın kapak kendi açık rafını sağlamlaştırır	Raf başındaki onarım masası	Klasör sırtından başlayan çapraz yakın görünüm; iki yetişkin farklı masa uçlarında	750 KP cilt emeğiyle başka Arşiv görevliye 625 ATK; kendi 200 DEF artışı güçlenen raf kapağıyla ilişkilidir.
219	character	Yetişkin sivil Raf Ustası	Raf anahtarını devredip rakip arşivin küçük iş kutusunu erişim dışı üst bölmeye kaldırır	Tavanı alçak arşiv depo sonu	Yan kesit gibi görünüm; boşalan alt göz, kapanan üst göz ve geride bırakılan anahtar	Paraflı ayrılış kademe 2 veya altı rakip arşiv görevlisini dışarı ayırır; 575 KP kaybı kullanılamayan iş kapasitesidir.
220	character	Sade ceketli yetişkin sivil Arşiv Başkanı	Tek devredilmiş raf modülünü ana düzene bağlar; dağılan dosya sırasından küçük Arşiv çalışma sandığını alır	Yatay raf sıralarıyla kurulu arşiv salonu	Uzun raf uçlarının birleştiği merkez dışında yetişkin; sağlam sandık yakın planda	Bir paraf ve paraf başına 200 ATK erişim sorumluluğudur; savaşta yok oluş sonrası kademe 3 veya altı Arşiv görevlisi ele döner.
221	character	Yetişkin sivil Tevzi Çırağı	Eski dağıtım gözünden küçük Tebligat takımını çıkarıp boş teslim tepsisine yerleştirir	İç mekân tebligat tevzi penceresi	Bankonun altından eğik bakış; yazısız zarflar ve tepsi ayrı ışık lekelerinde	Normal çağrıda kademe 2 veya altı Tebligat görevlisi arşivden ele alınır; 500 KP kazanımı tekrar kullanılabilir teslim kapasitesidir.
222	action	Sade iş giysili yetişkin sivil Suret Eri	Yeni kopya kâğıtlarını eski paket kılıfına sararak dışarı ayrılmış Tebligat takımını geri alır	Sivil çoğaltma ve iade tezgâhı	Döner kopya silindirinin ardından görünüm; yetişkinin aldığı yazısız kılıf ışığa çıkar	800 KP kâğıt ve çoğaltma emeğidir; oyun dışındaki kademe 4 veya altı Tebligat görevlisi ele döner.
223	character	Yetişkin sivil Tebliğ Yazmanı	Azalan zarf stoğunu kalın teslim kılıflarıyla destekler, Tebligat arkadaşını kapalı servis gözünün arkasına alır	Dar teslim yazım masası	Kılıfların yüksek kenarından yetişkin yüzüne yükselen açı; işaretli belge yok	4000 altı puanda 600 DEF kıt stokun sağlam kılıfıdır; açılışta bir Tebligat görevliyi savunmaya geçirme korunaklı göze geçiştir.
224	character	Sade günlük ceketli yetişkin sivil Kurye Eri	Küçük Tebligat ekipleri için yumuşak bölmeli taşıma sepetlerini dizer, her hazırlıkta sepet astarını yeniler	Yalnız bina içi teslimat hazırlık odası	Çapraz sıralı sepetler önden arkaya küçülür; logosuz giysili yetişkin tek yanda	Kademe 3 veya altı Tebligat görevlilere 400 DEF taşıma korumasıdır; 450 KP hazırlık kaybı astar ve bakım emeğidir.
225	action	Sade hırkalı yetişkin sivil İade Eri	Kendi teslim tepsisini bırakıp arşivden gelen Tebligat çalışanına iade gözünü açar; kriz için ayrılmış arabayı park eder	Sivil iade bankosu	Boşalan tepsi önde, açılan iç pencere arkada; durdurulmuş araba kadraj kenarında	Paraflı ayrılış arşivden kademe 3 veya altı Tebligat görevlisini özel çağırır; park edilen araba o tur kriz aşamasını atlamaya bağlanır.
226	character	Yetişkin sivil Tebligat Ustası ve Tebligat yardımcısı	Yeni koruma kılıfı ve bağ stoğunu tüketerek rakibin açılmış destek paketini özenle karşı tepsiye geri yollar	Karşılıklı teslim pencereleri	İki pencere arasındaki dar ışık şeridinde geri dönen açık paket; yetişkin yardımcı arka planda	1050 KP paketleme emeği ve malzemesidir; mevcut Tebligat görevli koşuluyla rakibin açık desteği ele döndürülür.
227	character	Yetişkin sivil Tebligat Başkanı	Tek devredilmiş teslim standını merkeze alır; kesilen dağıtım düzeninden küçük Tebligat çantasını geri toplar	Bina içi dağıtım salonu	Kesişen bankoların arasında üstten eğik görünüm; logosuz çanta tek sıcak odak	Bir paraf ve paraf başına 200 ATK teslim sorumluluğudur; savaşta yok olunca kademe 3 veya altı Tebligat görevlisi ele gelir.
228	character	Yetişkin sivil Şerh Çırağı	Eski usul cildindeki küçük Meşruiyet çalışma takımını çıkarıp boş kenar levhasına dizer	Sessiz usul inceleme odası	Cildin kalın kenarından yetişkin profile yan bakış; sayfalar ve levha yazısız	Normal çağrıda kademe 2 veya altı Meşruiyet görevlisi arşivden ele alınır; 525 KP kazanımı yeniden açılan inceleme kapasitesidir.
229	action	Sade gündelik ceketli yetişkin sivil Usul Eri	Kapalı rakip paketin katmanlarını sırayla açıp inceler, ardından Meşruiyet arkadaşının masasını yeni ayraçlarla destekler	Sivil yöntem denetim tezgâhı	Paketin açılan köşeleri merkezde; yetişkin elleri ile yüzü tek çapraz planda	850 KP titiz inceleme emeğidir; kapalı karta bakıldıktan sonra bir Meşruiyet görevliye 400 DEF sağlanır.
230	character	Sade gömlekli yetişkin sivil Gerekçe Eri ve Meşruiyet arkadaşı	İki düz levhayı birlikte dengeler, kendi görevini devrederken büyük levhayı ortak masanın uzantısı yapar	Sivil gerekçe hazırlık atölyesi	Birbirine yaslanan levhaların üçgeninde iki yetişkin; açılan yüzey parlak	Başka Meşruiyet görevliyle 500 ATK birlikte kurulan dayanağı anlatır; parafla ayrılınca 950 KP kazanımı ortak iş yüzeyidir.
231	character	Yetişkin sivil Meşruiyet Çırağı	Kapalı ihtar zarfını masanın iç gözünde saklar, yeni cilt bağlarını arkadaşının çalışma paketine sağlam bir çerçeve olarak geçirir	Sade usul hazırlık odası	Dar portre kadrajı; iç gözün koyu dikdörtgeni ile açık bağ çerçevesi eşleşir	Kapalı ihtar 400 ATK dayanağıdır; 850 KP bağ ve emek bedeliyle bir Meşruiyet görevliye 500 DEF verilir.
232	action	Yetişkin sivil Karar Şerhçisi	Kendi kenar levhasını devrederken ayrı tutulmuş Meşruiyet cildinin bağını çözer ve cildi çalışma tepsisine geri alır	Ana masaya eklenmiş şerh köşesi	Önde boş kalan dar levha, arkada açılan geniş cilt; hiçbir okunur işaret yok	Paraflı ayrılış oyun dışındaki Meşruiyet görevlisini ele döndürür; 300 KP kazanımı yeniden kullanılabilir inceleme işidir.
233	character	Yetişkin sivil Usul Ustası	Uzun katman kontrolünden sonra rakip arşivin orta boy paketini bağımsız kapalı göze ayırır, Meşruiyet arkadaşına sağlam ölçü tablasını bırakır	Sivil usul denetim odası	İnce katmanların yakın görünümünden derindeki kapanan göze uzanan perspektif	1100 KP denetim süresi ve malzeme bedelidir; kademe 4 veya altı rakip arşiv görevlisi dışarı gider, Meşruiyet görevli 200 ATK kazanır.
234	character	Sade yün ceketli yetişkin sivil Meşruiyet Başkanı	Tek devredilmiş dayanağı ortak masaya koyar; dağılan inceleme düzeninden küçük Meşruiyet cildini alır	Simgesiz sivil usul kurulu salonu	Üç çeyrek geniş açı; devrilmiş boş dayanaklar arasında yetişkinin taşıdığı kapalı cilt	Bir paraf ve paraf başına 200 ATK devralınan inceleme sorumluluğudur; savaşta yok olunca kademe 3 veya altı Meşruiyet görevli ele döner.
235	institution	Ortak Paraf çevresinde yetişkin sivil Dosya ve Paraf çalışanları	Dosya cilt kaidesi ile kaşe yatağını tek çalışma düzeneğinde birleştirip yeni keçeyi harcayarak rakibin açık destek paketini geri yollar	İki servis arasındaki ortak onay masası	Ortada birleşen iki farklı araç; geri dönen yazısız paket kadrajın sol kenarına uzanır	Yedek heyetin bir Dosya ve bir Paraf malzemesi iki araçta ayrışır; 700 KP sarf malzemesi karşılığı açık desteği ele gönderme kaynak etkisidir.
236	institution	Çift Heyet çevresinde yetişkin sivil Heyet ve Karargâh çalışanları	Heyet oturum tablasıyla coğrafyasız operasyon bağlantı levhasını yan yana kilitler, uzun düzenleme ardından açık destek tablasını geri iter	Soyut iş süreçleri için sivil ortak koordinasyon odası	İki yetişkin karşı köşelerde, birleşmiş yüzey ortada; harita, arma ve üniforma yok	Yedek heyetin Heyet ve Karargâh malzemeleri ayrı okunur; 800 KP kurulum emeğiyle açık rakip destek ele döner.
237	institution	Telex Kurulu çevresinde yetişkin sivil Telex ve Muhtıra çalışanları	Telex şerit yatağını boş muhtıra cildiyle ortak bir düzene bağlar, açık destek paketini geri verecek tepsiyi hazırlar	Yazısız şeritlerin asılı olduğu sivil kurul odası	Dairesel makara ile dik cilt zıtlığı; dönüş tepsisi henüz masadadır	P1 unverified: kaynak Telex ve Muhtıra malzemeli yedek heyet, 900 KP emek bedeli ve açık desteği ele iade niyetini tarif eder; tetik çalışıyor iddiası yok.
238	institution	Zeyil Masası çevresinde yetişkin sivil Zeyil ve Brifing çalışanları	Ek levhasını boş sunum panosuna kenetler, yeni bağlantı malzemesini harcayarak açık destek için dönüş yüzeyi kurar	Modüler sivil sunum ve ek masası	Yukarıdan açılı bakış; küçük ek ile büyük pano arasındaki belirgin birleşim merkezi tutar	P1 unverified: kaynak Zeyil ve Brifing malzemeleri, 1000 KP kurulum bedeli ve açık desteği ele iade niyetidir; görsel hazırlık işleyen tetik kanıtı değildir.
239	institution	Arşiv Kurulu çevresinde yetişkin sivil Kabine ve Arşiv çalışanları	Kabine çalışma tablasını raf çekmecesiyle birleştirir, açık destek dosyasını geri vermek için yeni koruyucu kılıf hazırlar	Amblemsiz sivil kurul odasının arşiv duvarı	Bir yanda yuvarlak kurul masası, diğer yanda doğrusal raf; ortadaki yetişkinler köprü kurar	P1 unverified: adı Arşiv Kurulu olsa da kaynak seri Kabine; Kabine ve Arşiv malzemeleri, 1100 KP malzeme bedeli ve iade niyeti gösterilir, tetik doğrulanmış sayılmaz.
240	institution	Yazı Heyeti çevresinde yetişkin sivil Tebligat ve Meşruiyet çalışanları	Teslim tepsisiyle usul cildini tek masada birleştirir, açık destek paketinin geri verilmesi için uzun bağ hazırlığını tamamlar	Sivil teslim ve usul inceleme odası	Tepsi yatay, cilt dik eksen oluşturur; yetişkinlerin arasında boş dönüş alanı kalır	P1 unverified: kaynak Tebligat ve Meşruiyet malzemeli yedek heyet ile 1200 KP emek bedeline bağlı açık destek iadesini tarif eder; tetik işlevi doğrulanmaz.
